month,mean_occ,share_full
2026-07-01,0.6830921126603198,0.14863318499682135
2027-06-01,0.5850720654636739,0.5683407501589319
2027-04-01,0.5611570247933885,0.5430387794024157
2027-05-01,0.558230625679306,0.543928798474253
2026-08-01,0.5477185571027213,0.12523839796567068
2027-03-01,0.520903143777044,0.44208518753973297
2027-02-01,0.46726455362818997,0.4428480610298792
2027-01-01,0.4578553411397986,0.40127145581691037
2026-10-01,0.40878534954781287,0.2588684043229498
2026-09-01,0.404619622801441,0.16795931341385886
2026-12-01,0.3904148637286467,0.2672600127145582
2026-11-01,0.34101716465352827,0.26853146853146853
