nombre,apellidos,nota
Alejandro,García Sánchez,6
Beatriz,Martínez Muñoz,8
Carmen,López Domínguez,1
Daniel,Sánchez Castro,4
Eduardo,Pérez Iglesias,2
Francisco,Gómez Sánchez,10
Gloria,Ruiz Muñoz,3
Hugo,Hernández Domínguez,5
Irene,Díaz Castro,7
Jorge,Moreno Iglesias,6
Kevin,Muñoz Sánchez,6
Laura,Álvarez Muñoz,9
Marta,Romero Domínguez,0
Nuria,Alonso Castro,9
Óscar,Gutiérrez Iglesias,3
Pablo,Navarro Sánchez,0
Raquel,Torres Muñoz,6
Sergio,Domínguez Domínguez,2
Teresa,Vázquez Castro,10
Valeria,Ramos Iglesias,2
Yolanda,Gil Sánchez,0
Adrián,Serrano Muñoz,9
Alejandro,Blanco Domínguez,0
Beatriz,Molina Castro,6
Carmen,Castro Iglesias,8
Daniel,Ortega Sánchez,10
Eduardo,Delgado Muñoz,8
Francisco,Ortiz Domínguez,5
Gloria,Marín Castro,0
Hugo,Rubio Iglesias,8
Irene,Sanz Sánchez,9
Jorge,Iglesias Muñoz,1
Kevin,Nuñez Domínguez,10
Laura,Cano Castro,0
Marta,León Iglesias,4
Nuria,García Sánchez,2
Óscar,Martínez Muñoz,9
Pablo,López Domínguez,4
Raquel,Sánchez Castro,0
Sergio,Pérez Iglesias,1
Teresa,Gómez Sánchez,2
Valeria,Ruiz Muñoz,9
Yolanda,Hernández Domínguez,3
Adrián,Díaz Castro,9
Alejandro,Moreno Iglesias,1
Beatriz,Muñoz Sánchez,9
Carmen,Álvarez Muñoz,4
Daniel,Romero Domínguez,1
Eduardo,Alonso Castro,2
Francisco,Gutiérrez Iglesias,4
Gloria,Navarro Sánchez,8
Hugo,Torres Muñoz,1
Irene,Domínguez Domínguez,3
Jorge,Vázquez Castro,7
Kevin,Ramos Iglesias,2
Laura,Gil Sánchez,9
Marta,Serrano Muñoz,9
Nuria,Blanco Domínguez,9
Óscar,Molina Castro,3
Pablo,Castro Iglesias,6
Raquel,Ortega Sánchez,0
Sergio,Delgado Muñoz,9
Teresa,Ortiz Domínguez,2
Valeria,Marín Castro,7
Yolanda,Rubio Iglesias,8
Adrián,Sanz Sánchez,3
Alejandro,Iglesias Muñoz,6
Beatriz,Nuñez Domínguez,6
Carmen,Cano Castro,6
Daniel,León Iglesias,6
Eduardo,García Sánchez,8
Francisco,Martínez Muñoz,2
Gloria,López Domínguez,7
Hugo,Sánchez Castro,8
Irene,Pérez Iglesias,10
Jorge,Gómez Sánchez,6
Kevin,Ruiz Muñoz,5
Laura,Hernández Domínguez,1
Marta,Díaz Castro,7
Nuria,Moreno Iglesias,2
Óscar,Muñoz Sánchez,3
Pablo,Álvarez Muñoz,6
Raquel,Romero Domínguez,5
Sergio,Alonso Castro,8
Teresa,Gutiérrez Iglesias,8
Valeria,Navarro Sánchez,4
Yolanda,Torres Muñoz,3
Adrián,Domínguez Domínguez,0
Alejandro,Vázquez Castro,10
Beatriz,Ramos Iglesias,7
Carmen,Gil Sánchez,9
Daniel,Serrano Muñoz,5
Eduardo,Blanco Domínguez,7
Francisco,Molina Castro,9
Gloria,Castro Iglesias,9
Hugo,Ortega Sánchez,1
Irene,Delgado Muñoz,0
Jorge,Ortiz Domínguez,7
Kevin,Marín Castro,0
Laura,Rubio Iglesias,0
